Designator,Footprint,Quantity,Value,LCSC Part #
"C1, C104",0603,2,1uF,C15849
"C101, C107, C2, C3",0603,4,0.1uF,C14663
"D1, D3",D_SOD-123,2,DIODE,C8598
D101,0603,1,LED-RED,C2286
"D102, D105",0603,2,LED-GREEN,C72043
J104,USB_Mini-B,1,USB_B_Mini,C2681563
"R101, R102, R107, R108",0603,4,620,C23220
R104,0603,1,2.2K,C4190
R105,0603,1,10K,C25804
"R106, R6",0603,2,100,C22775
R2,0603,1,1.5K,C22843
R3,0603,1,2K,C22975
R5,0603,1,33,C23140
SW1,SW_DIP_SPSTx06_Slide_KingTek_DSHP06TS_W7.62mm_P1.27mm,1,SW_DIP_x04,C3293146
U1,SOT-23-3,1,XC6206,C5446
U105,SW_SPST_TS_1187,1,Tactile Switch,C318889
"U2, U3, U4, U5",SOT-23-6,4,TS5A3159ADBVR,C128405
U6,QFN-28_4x4mm_P0.5mm,1,STM32F042G6Ux,C961597
