﻿pos_x,pos_y,rotation,side,designator,mpn,pack,value,mount_type,place
5.85,5.7,0.0,top,C1,C181047,C_0201_0603Metric,0.1uf,smt,True
2.89,3.87,180.0,top,C2,C181047,C_0201_0603Metric,0.1uf,smt,True
5.85,4.95,0.0,top,C3,GRM033R61E224ME01D,C_0201_0603Metric,0.22uf,smt,True
7.5,7.9,180.0,top,C4,04026D226MAT2A,C_0402_1005Metric,22uf,smt,True
6.05,6.55,0.0,top,C404,04026D226MAT2A,C_0402_1005Metric,22uf,smt,True
5.85,7.4,0.0,top,C5,C181047,C_0201_0603Metric,0.1uf,smt,True
8.9344,2.4926,90.0,top,C501,C181047,C_0201_0603Metric,0.1uf,smt,True
7.75,7.05,0.0,top,C502,C181047,C_0201_0603Metric,0.1uf,smt,True
7.65,4.75,0.0,top,C503,C181047,C_0201_0603Metric,0.1uf,smt,True
9.465,1.291,0.0,top,D401,CDBQC0130L-HF,D_0402_1005Metric,D,smt,True
11.135,4.5,90.0,bottom,J201,,tagpoints6,CONN_02X04,tht,False
12.22,1.25,0.0,top,J301,,taghole1.1mm,Conn_01x01,tht,False
12.22,7.75,0.0,top,J302,,taghole1.1mm,Conn_01x01,tht,False
1.25,1.27,0.0,top,J303,,taghole1.1mm,Conn_01x01,tht,False
1.25,7.75,0.0,top,J304,,taghole1.1mm,Conn_01x01,tht,False
11.515,4.5,180.0,top,J401,,MS621,CONN_01X02,tht,False
7.75,6.13,180.0,top,Q501,"BC847AMB,315",SOT-883,Q_NPN_BEC,smt,True
4.895,3.89,0.0,top,R1,RC0201FR-0710KL,R_0201_0603Metric,10k,smt,True
7.1,2.7,0.0,top,U1,AT25FF321A-UUN-T,adesto_wlcsp12,at25ex321D-UUN,smt,True
3.7,6.2,-90.0,top,U2,ADXL367BCCZ-RL7,lga12-2.3x2.3,adxl367,smt,True
5.26,4.58,0.0,bottom,U302,STM32L432KCU6,QFN-32-1EP_5x5mm_P0.5mm_EP3.45x3.45mm,stm32l431kc,smt,True
3.9,2.29,90.0,top,U501,RV-3028-C7 32.768KHZ 1PPM-TA-QA,RV-8803-C7,RV-3028-C7,smt,True
