﻿designator,quantity,value,pack,mpn,mount_type
"C1, C2, C5, C501, C502, C503",6,0.1uf,C_0201_0603Metric,C181047,smt
C3,1,0.22uf,C_0201_0603Metric,GRM033R61E224ME01D,smt
"C4, C404",2,22uf,C_0402_1005Metric,04026D226MAT2A,smt
D401,1,D,D_0402_1005Metric,CDBQC0130L-HF,smt
J201,1,CONN_02X04,tagpoints6,,tht
"J301, J302, J303, J304",4,Conn_01x01,taghole1.1mm,,tht
J401,1,CONN_01X02,MS621,,tht
Q501,1,Q_NPN_BEC,SOT-883,"BC847AMB,315",smt
R1,1,10k,R_0201_0603Metric,RC0201FR-0710KL,smt
U1,1,at25ex321D-UUN,adesto_wlcsp12,AT25FF321A-UUN-T,smt
U2,1,adxl367,lga12-2.3x2.3,ADXL367BCCZ-RL7,smt
U302,1,stm32l431kc,QFN-32-1EP_5x5mm_P0.5mm_EP3.45x3.45mm,STM32L432KCU6,smt
U501,1,RV-3028-C7,RV-8803-C7,RV-3028-C7 32.768KHZ 1PPM-TA-QA,smt
