[{"pos_x": 1.2, "pos_y": 1.25, "rotation": 0.0, "side": "top", "designator": "J303", "mpn": null, "pack": "taghole1.1mm", "value": "Conn_01x01", "mount_type": "tht", "place": true}, {"pos_x": 11.865, "pos_y": 4.53, "rotation": 180.0, "side": "top", "designator": "J401", "mpn": null, "pack": "MS621", "value": "CONN_01X02", "mount_type": "tht", "place": true}, {"pos_x": 3.3, "pos_y": 6.041, "rotation": 90.0, "side": "top", "designator": "C404", "mpn": "04026D226MAT2A", "pack": "C_0402_1005Metric", "value": "22uf", "mount_type": "smt", "place": true}, {"pos_x": 3.7, "pos_y": 3.4, "rotation": 0.0, "side": "top", "designator": "U501", "mpn": "RV-3028-C7 32.768KHZ 1PPM-TA-QC", "pack": "RV-8803-C7", "value": "RV-3028-C7", "mount_type": "smt", "place": true}, {"pos_x": 5.2, "pos_y": 3.1, "rotation": -90.0, "side": "top", "designator": "R1", "mpn": "RC0201FR-0710KL", "pack": "R_0201_0603Metric", "value": "10k", "mount_type": "smt", "place": true}, {"pos_x": 9.3124, "pos_y": 2.468, "rotation": -90.0, "side": "top", "designator": "C501", "mpn": "GRM033C81E104KE14D", "pack": "C_0201_0603Metric", "value": "0.1uf", "mount_type": "smt", "place": true}, {"pos_x": 5.2, "pos_y": 4.5, "rotation": 90.0, "side": "top", "designator": "C503", "mpn": "GRM033C81E104KE14D", "pack": "C_0201_0603Metric", "value": "0.1uf", "mount_type": "smt", "place": true}, {"pos_x": 9.16, "pos_y": 1.241, "rotation": 0.0, "side": "top", "designator": "D401", "mpn": "CDBQC0130L-HF", "pack": "D_0402_1005Metric", "value": "D", "mount_type": "smt", "place": true}, {"pos_x": 5.365, "pos_y": 6.63, "rotation": 90.0, "side": "top", "designator": "U1", "mpn": "AT25XE321D-UUN-T", "pack": "adesto_wlcsp12", "value": "at25ex321D-UUN", "mount_type": "smt", "place": true}, {"pos_x": 7.9, "pos_y": 7.6, "rotation": 0.0, "side": "top", "designator": "C502", "mpn": "GRM033C81E104KE14D", "pack": "C_0201_0603Metric", "value": "0.1uf", "mount_type": "smt", "place": true}, {"pos_x": 1.2, "pos_y": 7.75, "rotation": 0.0, "side": "top", "designator": "J304", "mpn": null, "pack": "taghole1.1mm", "value": "Conn_01x01", "mount_type": "tht", "place": true}, {"pos_x": 12.17, "pos_y": 1.25, "rotation": 0.0, "side": "top", "designator": "J301", "mpn": null, "pack": "taghole1.1mm", "value": "Conn_01x01", "mount_type": "tht", "place": true}, {"pos_x": 12.17, "pos_y": 7.75, "rotation": 0.0, "side": "top", "designator": "J302", "mpn": null, "pack": "taghole1.1mm", "value": "Conn_01x01", "mount_type": "tht", "place": true}, {"pos_x": 7.9, "pos_y": 6.6, "rotation": 180.0, "side": "top", "designator": "Q501", "mpn": "BC847AMB,315", "pack": "SOT-883", "value": "Q_NPN_BEC", "mount_type": "smt", "place": true}, {"pos_x": 5.2, "pos_y": 1.6, "rotation": 90.0, "side": "top", "designator": "C1", "mpn": "GRM033C81E104KE14D", "pack": "C_0201_0603Metric", "value": "0.1uf", "mount_type": "smt", "place": true}, {"pos_x": 7.2, "pos_y": 3.4, "rotation": 90.0, "side": "top", "designator": "U2", "mpn": "LPS27HHWTR", "pack": "LPS27HHWTR", "value": "LPS27HHWTR", "mount_type": "tht", "place": true}, {"pos_x": 2.4, "pos_y": 6.2, "rotation": 90.0, "side": "top", "designator": "C2", "mpn": "GRM033C81E104KE14D", "pack": "C_0201_0603Metric", "value": "0.1uf", "mount_type": "smt", "place": true}, {"pos_x": 7.9408, "pos_y": 5.4652, "rotation": 180.0, "side": "top", "designator": "C101", "mpn": "GRM033R60J105MEA2D", "pack": "C_0201_0603Metric", "value": "1uf", "mount_type": "smt", "place": true}, {"pos_x": 11.7, "pos_y": 4.5, "rotation": 90.0, "side": "bottom", "designator": "J201", "mpn": null, "pack": "tagpoints6", "value": "CONN_02X04", "mount_type": "tht", "place": true}, {"pos_x": 5.765, "pos_y": 4.53, "rotation": 0.0, "side": "bottom", "designator": "U302", "mpn": "STM32L431KCU6", "pack": "QFN-32-1EP_5x5mm_P0.5mm_EP3.45x3.45mm", "value": "stm32l431kc", "mount_type": "smt", "place": true}]